Date,AAPL_Open,AAPL_Close,MSFT_Open,MSFT_Close,GOOGL_Open,GOOGL_Close,GE_Open,GE_Close,CAT_Open,CAT_Close,PFE_Open,PFE_Close,JNJ_Open,JNJ_Close,DE_Open,DE_Close,CCL_Open,CCL_Close,^VIX_Open,^VIX_Close
2010-01-01,7.622499942779541,5.786131381988525,30.6200008392334,21.215290069580078,15.689438819885254,13.213860511779785,72.9408950805664,56.19779586791992,57.650001525878906,35.58559036254883,17.333965301513672,9.888750076293945,64.70999908447266,40.483551025390625,54.7400016784668,37.4233512878418,32.290000915527344,24.83922004699707,21.68000030517578,24.6200008392334
2010-02-01,6.870357036590576,6.16452169418335,28.389999389648438,21.58419418334961,13.378377914428711,13.135564804077148,77.63748931884766,56.12792205810547,52.81999969482422,39.12725067138672,17.82732391357422,9.300516128540039,63.2599983215332,40.57371520996094,50.369998931884766,42.93009567260742,33.7599983215332,26.79923439025879,24.329999923706055,19.5
2010-03-01,7.348214149475098,7.079771041870117,28.770000457763672,22.154062271118164,13.243243217468262,14.14093017578125,77.15824127197266,64.0040512084961,57.33000183105469,43.105133056640625,16.707780838012695,9.174371719360352,63.27000045776367,42.31187438964844,57.45000076293945,44.54839324951172,35.709999084472656,29.06217384338379,19.93000030517578,17.59000015258789
2010-04-01,8.478928565979004,7.865776062011719,29.350000381469727,23.099531173706055,14.29804801940918,13.108137130737305,87.55783081054688,66.32504272460938,63.290000915527344,46.69894027709961,16.32827377319336,8.944341659545898,65.37000274658203,41.727821350097656,59.9900016784668,45.02628707885742,39.38999938964844,31.170072555541992,17.010000228881836,22.049999237060547
2010-05-01,9.422857284545898,7.738943099975586,30.670000076293945,19.514339447021484,13.175676345825195,12.109006881713867,90.91253662109375,57.498111724853516,68.37000274658203,41.93167495727539,15.939278602600098,8.147266387939453,65.16000366210938,37.834075927734375,60.40999984741211,43.41552734375,42.060001373291016,27.081335067749023,22.40999984741211,32.06999969482422
2010-06-01,9.274642944335938,7.577763080596924,25.530000686645508,17.48259735107422,12.022772789001465,11.09466552734375,77.82918548583984,50.71088409423828,60.040000915527344,41.455501556396484,14.383301734924316,7.708761692047119,58.209999084472656,38.677364349365234,57.220001220703125,41.91012954711914,36.400001525878906,22.664478302001953,34.869998931884766,34.540000915527344
2010-07-01,9.08214282989502,7.750089168548584,23.09000015258789,19.609987258911133,11.143392562866211,12.089556694030762,68.67562866210938,57.0492057800293,59.66999816894531,48.135860443115234,13.55787467956543,8.108793258666992,59.06999969482422,38.042137145996094,55.97999954223633,50.44310760498047,30.3799991607666,25.99220085144043,34.40999984741211,23.5
2010-08-01,9.30142879486084,7.323798656463623,25.989999771118164,17.832096099853516,12.236987113952637,11.221084594726562,78.21257781982422,51.24519729614258,70.73999786376953,45.26767349243164,14.383301734924316,8.600728988647461,58.5,37.34139633178711,67.87999725341797,47.863460540771484,35.41999816894531,23.368995666503906,23.06999969482422,26.049999237060547
2010-09-01,8.838213920593262,8.548447608947754,23.670000076293945,18.706335067749023,11.385886192321777,13.110382080078125,70.59260559082031,57.509273529052734,67.05000305175781,54.66023254394531,15.303605079650879,9.385254859924316,57.66999816894531,40.959190368652344,64.69000244140625,52.788246154785156,31.8700008392334,28.709606170654297,25.1299991607666,23.700000762939453
2010-10-01,10.219642639160156,9.067526817321777,24.770000457763672,20.371492385864258,13.263262748718262,15.302385330200195,78.5959701538086,57.11475372314453,78.29000091552734,54.60465621948242,16.36622428894043,9.521904945373535,62.09000015258789,42.135868072509766,69.1500015258789,58.341590881347656,38.52000045776367,32.45336151123047,22.899999618530273,21.200000762939453
2010-11-01,10.793571472167969,9.373915672302246,26.8799991607666,19.29448699951172,15.408658981323242,13.856427192687988,77.11031341552734,56.4373664855957,78.97000122070312,59.09669876098633,16.726755142211914,8.909703254699707,63.880001068115234,40.68815231323242,77.45999908447266,56.74632263183594,43.59000015258789,31.05510139465332,21.649999618530273,23.540000915527344
2010-12-01,11.259642601013184,9.717663764953613,25.56999969482422,21.44964027404785,14.089089393615723,14.8104248046875,76.82276916503906,65.20780181884766,85.02999877929688,65.42548370361328,15.645160675048828,9.670056343078613,62.18000030517578,41.238319396972656,75.88999938964844,63.08946228027344,42.04999923706055,34.747615814208984,21.190000534057617,17.75
2011-01-01,11.630000114440918,10.222591400146484,28.049999237060547,21.311307907104492,14.926926612854004,14.969758033752441,88.61216735839844,72.36945343017578,94.37999725341797,67.76560974121094,16.793169021606445,10.06215763092041,62.630001068115234,39.85149002075195,83.93000030517578,69.34329986572266,46.439998626708984,33.69260787963867,17.940000534057617,19.530000686645508
2011-02-01,12.189286231994629,10.641043663024902,27.799999237060547,20.4274959564209,15.127376556396484,15.294904708862305,97.66987609863281,75.17224884033203,97.3499984741211,72.23905181884766,17.542694091796875,10.62546443939209,59.70000076293945,40.9649543762207,91.83000183105469,68.77111053466797,45.099998474121094,32.15528106689453,18.59000015258789,18.350000381469727
2011-03-01,12.695357322692871,10.499452590942383,26.600000381469727,19.628280639648438,15.459959983825684,14.630646705627441,101.21627807617188,72.544677734375,103.37000274658203,78.1484603881836,18.35863494873047,11.334322929382324,61.25,39.86204528808594,90.75,73.91272735595703,42.4900016784668,29.06244468688965,17.6299991607666,17.739999771118164
2011-04-01,12.539643287658691,10.548256874084473,25.530000686645508,20.038005828857422,14.733734130859375,13.566934585571289,96.51969146728516,73.99193572998047,112.08999633789062,80.99787902832031,19.30739974975586,11.702649116516113,59.630001068115234,44.21491622924805,97.5999984741211,74.6581802368164,38.90999984741211,28.842744827270508,16.68000030517578,14.75
2011-05-01,12.490714073181152,10.478968620300293,25.940000534057617,19.334524154663086,13.656155586242676,13.19092082977295,99.20345306396484,71.06120300292969,116.23999786376953,74.5625228881836,20.056926727294922,11.9705171585083,65.91999816894531,45.27117919921875,98.22000122070312,65.9135971069336,38.31999969482422,29.403383255004883,15.069999694824219,15.449999809265137
2011-06-01,12.459643363952637,10.112627029418945,24.989999771118164,20.231597900390625,13.214214324951172,12.626399993896484,93.30875396728516,68.239013671875,104.97000122070312,75.02765655517578,20.246679306030273,11.607449531555176,67.0199966430664,45.14128494262695,85.5,63.133995056152344,38.5,28.687034606933594,15.949999809265137,16.520000457763672
2011-07-01,11.998213768005371,11.76386833190918,25.93000030517578,21.320999145507812,12.681180953979492,15.052789688110352,90.38536834716797,65.33463287353516,106.1500015258789,69.62225341796875,19.44971466064453,10.84676742553711,66.4800033569336,43.967288970947266,82.19999694824219,60.42405319213867,37.880001068115234,25.386079788208008,16.059999465942383,25.25
2011-08-01,14.206428527832031,11.59365463256836,27.510000228881836,20.698486328125,15.295796394348145,13.488639831542969,88.13291931152344,59.49794006347656,102.43000030517578,64.40313720703125,18.44402313232422,10.694633483886719,65.27999877929688,44.65269470214844,81.11000061035156,62.201908111572266,33.88999938964844,25.180246353149414,22.6299991607666,31.6200008392334
2011-09-01,13.77928638458252,11.487908363342285,26.459999084472656,19.4901180267334,13.532281875610352,12.842334747314453,78.16465759277344,55.521644592285156,91.19000244140625,52.25852584838867,17.94117546081543,10.0731840133667,65.66000366210938,43.60587692260742,80.7300033569336,49.695350646972656,32.83000183105469,23.287578582763672,31.90999984741211,42.959999084472656
2011-10-01,13.584643363952637,12.194679260253906,24.719999313354492,20.852619171142578,12.75900936126709,14.777260780334473,72.36580657958984,61.54174041748047,72.77999877929688,66.85186004638672,16.783681869506836,10.973386764526367,63.650001525878906,44.085140228271484,63.900001525878906,58.762081146240234,30.0,27.06124496459961,44.25,29.959999084472656
2011-11-01,14.193214416503906,11.514422416687012,26.190000534057617,20.03042221069336,14.517017364501953,14.945571899414062,77.30201721191406,58.595375061035156,90.0,69.65572357177734,18.168880462646484,11.43488597869873,63.68000030517578,44.31106185913086,72.62000274658203,61.35566329956055,33.61000061035156,25.516420364379883,36.029998779296875,27.799999237060547
2011-12-01,13.662142753601074,12.201311111450195,25.559999465942383,20.481046676635742,15.0150146484375,16.105281829833984,76.1518325805664,65.96125030517578,97.2300033569336,64.4749755859375,19.003795623779297,12.453495025634766,64.68000030517578,45.316558837890625,78.6500015258789,59.8846549987793,33.400001525878906,25.282873153686523,27.6299991607666,23.399999618530273
2012-01-01,14.621429443359375,13.752232551574707,26.549999237060547,23.29758644104004,16.339839935302734,14.46483039855957,87.36613464355469,69.5761947631836,92.7699966430664,77.65463256835938,20.74003791809082,12.315376281738281,65.58999633789062,45.544586181640625,79.12000274658203,67.04812622070312,33.470001220703125,23.392854690551758,22.950000762939453,19.440000534057617
2012-02-01,16.37178611755371,16.341917037963867,29.790000915527344,25.041156768798828,14.638137817382812,15.415838241577148,90.76876068115234,70.84052276611328,110.75,81.64020538330078,20.16128921508789,12.15999698638916,65.97000122070312,44.97105407714844,87.2699966430664,64.54208374023438,30.360000610351562,23.462570190429688,18.68000030517578,18.43000030517578
2012-03-01,19.577499389648438,18.062454223632812,31.93000030517578,25.618972778320312,15.57207202911377,15.989086151123047,91.77517700195312,75.29373168945312,114.66999816894531,76.14319610595703,19.99051284790039,13.170127868652344,65.11000061035156,45.981754302978516,83.0,62.96220397949219,30.59000015258789,25.052845001220703,18.020000457763672,15.5
2012-04-01,21.493928909301758,17.5933780670166,32.220001220703125,25.428369522094727,16.03528594970703,15.081713676452637,95.99252319335938,73.45545196533203,105.98999786376953,73.46256256103516,21.38519859313965,13.31549072265625,66.04000091552734,45.38223648071289,80.62000274658203,64.45830535888672,32.0099983215332,25.37303924560547,16.350000381469727,17.149999618530273
2012-05-01,20.889286041259766,17.405092239379883,32.04999923706055,23.180953979492188,15.10986042022705,14.48353099822998,93.83592224121094,71.6172103881836,102.80999755859375,62.897918701171875,21.47058868408203,12.716584205627441,64.91000366210938,43.52092742919922,83.22000122070312,57.813663482666016,32.52000045776367,25.060657501220703,17.270000457763672,24.059999465942383
2012-06-01,20.3271427154541,17.59398078918457,28.760000228881836,24.452150344848633,14.309059143066406,14.463833808898926,90.19367218017578,78.18242645263672,85.08000183105469,60.95256042480469,20.645160675048828,13.506176948547363,62.040000915527344,47.55561828613281,71.68000030517578,63.29216003417969,31.549999237060547,26.973661422729492,25.8700008392334,17.079999923706055
2012-07-01,20.883214950561523,18.400171279907227,30.6200008392334,23.5568790435791,14.560059547424316,15.782875061035156,99.39514923095703,78.72835540771484,85.3499984741211,60.45006561279297,21.679317474365234,14.116884231567383,67.41999816894531,48.72411346435547,81.0,60.48858642578125,34.52000045776367,26.194435119628906,17.6200008392334,18.93000030517578
2012-08-01,21.99678611755371,20.041471481323242,29.59000015258789,24.63599967956543,15.948448181152344,17.082468032836914,99.97024536132812,78.57659912109375,85.0,61.645408630371094,22.694496154785156,14.011186599731445,69.4800033569336,47.464134216308594,77.62999725341797,59.14212417602539,33.68000030517578,27.296371459960938,18.799999237060547,17.469999313354492
2012-09-01,23.777143478393555,20.183801651000977,30.450000762939453,23.946279525756836,17.13088035583496,18.813182830810547,98.86798095703125,86.16488647460938,85.02999877929688,62.15833282470703,22.571157455444336,14.727314949035645,67.48999786376953,48.946678161621094,74.9800033569336,64.93743896484375,34.599998474121094,28.882455825805664,18.649999618530273,15.729999542236328
2012-10-01,23.969999313354492,18.012025833129883,29.809999465942383,22.964618682861328,18.9952449798584,16.963031768798828,108.93209838867188,80.51477813720703,86.72000122070312,61.26974105834961,23.52941131591797,14.739167213439941,68.91999816894531,50.30332946777344,83.11000061035156,67.65721893310547,36.650001525878906,30.024120330810547,16.030000686645508,18.600000381469727
2012-11-01,21.364999771118164,17.708251953125,28.84000015258789,21.419689178466797,17.004505157470703,17.41360092163086,100.78495788574219,80.78239440917969,85.22000122070312,61.95224380493164,23.54838752746582,14.828064918518066,71.0999984741211,49.52912902832031,85.62999725341797,66.55651092529297,38.08000183105469,30.650447845458984,17.770000457763672,15.869999885559082
2012-12-01,21.201786041259766,16.174890518188477,26.780000686645508,21.668718338012695,17.57357406616211,17.638261795043945,101.50382232666016,80.24713897705078,85.91999816894531,65.12837219238281,23.757116317749023,14.997145652770996,69.80000305175781,50.232234954833984,84.18000030517578,68.43324279785156,38.83000183105469,29.343868255615234,15.8100004196167,18.020000457763672
2013-01-01,19.779285430908203,13.844266891479492,27.25,22.26905059814453,18.003503799438477,18.84285545349121,103.0853271484375,85.95629119873047,92.94999694824219,71.92156982421875,24.22201156616211,16.312686920166016,71.0199966430664,52.96956253051758,87.97000122070312,74.88121032714844,37.25,31.31447410583496,15.239999771118164,14.279999732971191
2013-02-01,16.396785736083984,13.416010856628418,27.670000076293945,22.552989959716797,18.973974227905273,19.977630615234375,107.49436950683594,89.58283233642578,99.0,67.52105712890625,26.166982650756836,16.509544372558594,74.13999938964844,54.53889083862305,94.87000274658203,69.92154693603516,39.18000030517578,28.928682327270508,13.369999885559082,15.510000228881836
2013-03-01,15.64285659790039,13.532719612121582,27.719999313354492,23.402271270751953,19.9649658203125,19.80283546447754,110.32190704345703,89.92689514160156,91.54000091552734,63.57374572753906,25.7874755859375,17.40831184387207,75.79000091552734,58.890071868896484,87.7300033569336,68.44874572753906,35.59000015258789,27.931089401245117,16.100000381469727,12.699999809265137
2013-04-01,15.782142639160156,13.536388397216797,28.639999389648438,27.074979782104492,19.895145416259766,20.560352325439453,110.36983489990234,86.69853210449219,86.86000061035156,61.89247131347656,27.277040481567383,17.534984588623047,81.38999938964844,61.562618255615234,86.19000244140625,71.51158905029297,34.349998474121094,28.102096557617188,13.460000038146973,13.520000457763672
2013-05-01,15.873571395874023,13.748861312866211,32.93000030517578,28.547338485717773,20.602102279663086,21.723552703857422,105.9128646850586,90.704833984375,84.06999969482422,63.121395111083984,27.352941513061523,16.42510414123535,84.5,60.8041877746582,88.80999755859375,69.75780487060547,34.43000030517578,26.95391082763672,13.880000114440918,16.299999237060547
2013-06-01,16.09749984741211,12.202703475952148,34.91999816894531,28.450986862182617,21.846847534179688,21.951704025268555,111.99925994873047,90.1991958618164,85.91000366210938,60.686283111572266,25.90132713317871,17.036439895629883,84.27999877929688,62.483863830566406,87.51000213623047,65.06513214111328,32.72999954223633,28.130950927734375,16.399999618530273,16.860000610351562
2013-07-01,14.381786346435547,13.926030158996582,34.75,26.22696304321289,22.183433532714844,22.135719299316406,111.23247528076172,95.5458984375,83.04000091552734,60.9952507019043,26.537002563476562,17.778474807739258,85.72000122070312,68.0438003540039,81.87999725341797,66.93661499023438,34.560001373291016,30.37880516052246,16.899999618530273,13.449999809265137
2013-08-01,16.27678680419922,14.993569374084473,32.060001373291016,27.511953353881836,22.397396087646484,21.117141723632812,117.89395904541016,90.72351837158203,83.62000274658203,61.146358489990234,27.92220115661621,17.298011779785156,94.16000366210938,62.884132385253906,83.73999786376953,67.39591217041016,37.400001525878906,29.607643127441406,12.890000343322754,17.010000228881836
2013-09-01,17.610713958740234,14.768241882324219,31.75,27.60626983642578,21.380380630493164,21.840496063232422,111.71171569824219,93.6639633178711,83.1500015258789,61.78346633911133,26.925996780395508,17.616863250732422,86.88999938964844,63.56320571899414,84.30999755859375,65.5829086303711,35.939998626708984,26.9637393951416,16.469999313354492,16.600000381469727
2013-10-01,17.087499618530273,16.19162368774414,33.349998474121094,29.373138427734375,22.028278350830078,25.69713592529297,114.73094940185547,103.27471923828125,83.55999755859375,61.75382995605469,27.11574935913086,18.818714141845703,86.58999633789062,67.90392303466797,81.25,66.34529113769531,32.68000030517578,28.62419319152832,16.309999465942383,13.75
2013-11-01,18.71500015258789,17.2253360748291,35.66999816894531,31.629426956176758,25.820571899414062,26.420488357543945,124.8429946899414,105.32915496826172,83.77999877929688,63.11134719848633,29.127134323120117,19.456424713134766,92.37999725341797,69.40702819824219,81.83999633789062,68.29087829589844,34.66999816894531,29.83028793334961,13.460000038146973,13.699999809265137
2013-12-01,19.928571701049805,17.48013687133789,38.09000015258789,31.267520904541016,26.614364624023438,27.944494247436523,127.71845245361328,110.74182891845703,84.69999694824219,67.74397277832031,29.99051284790039,18.927326202392578,94.41000366210938,67.62484741210938,84.26000213623047,74.03853607177734,35.900001525878906,33.41884994506836,13.90999984741211,13.720000267028809
2014-01-01,19.845714569091797,15.597577095031738,37.349998474121094,31.626916885375977,27.914413452148438,29.44705581665039,133.51730346679688,100.08772277832031,90.41000366210938,70.0566177368164,28.908918380737305,18.785202026367188,91.13999938964844,65.32119750976562,90.94999694824219,70.07744598388672,39.63999938964844,32.60354995727539,14.319999694824219,18.40999984741211
2014-02-01,17.95035743713379,16.396465301513672,37.7400016784668,32.01973342895508,29.509510040283203,30.311790466308594,120.43395233154297,101.44185638427734,93.73999786376953,72.81208801269531,29.440227508544922,19.841873168945312,88.75,68.01616668701172,85.79000091552734,70.052978515625,39.41999816894531,32.99456787109375,18.56999969482422,14.0
2014-03-01,18.693571090698242,16.823720932006836,37.91999816894531,34.516597747802734,30.198949813842773,27.789897918701172,120.81734466552734,104.01556396484375,96.31999969482422,74.61419677734375,29.905122756958008,20.01355743408203,91.12999725341797,73.04933166503906,85.62999725341797,74.02320861816406,38.68000030517578,31.69638442993164,16.469999313354492,13.880000114440918
2014-04-01,19.205713272094727,18.495946884155273,41.150001525878906,34.01979446411133,28.0347843170166,26.647401809692383,123.78865814208984,108.03313446044922,98.94000244140625,79.1419448852539,30.294118881225586,19.490163803100586,98.30999755859375,75.3249282836914,90.9800033569336,76.53578186035156,37.83000183105469,32.91031265258789,13.430000305175781,13.40999984741211
2014-05-01,21.14285659790039,19.840927124023438,40.2400016784668,34.474510192871094,26.712499618530273,28.479259490966797,128.1018524169922,107.63138580322266,105.19999694824219,77.21367645263672,29.4876651763916,18.462068557739258,100.7699966430664,75.45133972167969,93.1500015258789,74.75643920898438,39.29999923706055,33.51311111450195,13.640000343322754,11.399999618530273
2014-06-01,22.641429901123047,20.50364875793457,40.95000076293945,35.362205505371094,28.487499237060547,29.127906799316406,128.00599670410156,105.58243560791016,102.41999816894531,82.07775115966797,28.074003219604492,18.65806007385254,101.54000091552734,78.34349822998047,91.29000091552734,74.2480697631836,40.09000015258789,31.722990036010742,11.6899995803833,11.569999694824219
2014-07-01,23.3799991607666,21.092742919921875,41.86000061035156,36.60029983520508,29.38249969482422,28.872835159301758,125.89733123779297,101.87602996826172,109.08000183105469,76.09585571289062,28.092979431152344,18.041994094848633,105.1500015258789,74.95127868652344,90.80999755859375,70.25196838378906,37.7599983215332,30.518112182617188,11.279999732971191,16.950000762939453
2014-08-01,23.725000381469727,22.615123748779297,43.209999084472656,38.525299072265625,28.927499771118164,29.012826919555664,120.14640808105469,105.23815155029297,100.5199966430664,82.90080261230469,27.229602813720703,18.63875961303711,99.76000213623047,77.67703247070312,85.22000122070312,69.4100341796875,36.13999938964844,31.91678810119629,16.670000076293945,12.09000015258789
2014-09-01,25.764999389648438,22.33958625793457,45.43000030517578,39.55950927734375,29.147499084472656,29.314233779907227,124.07620239257812,103.77987670898438,109.02999877929688,75.26968383789062,27.713472366333008,18.75290870666504,103.30000305175781,80.3586196899414,84.01000213623047,67.67665100097656,37.72999954223633,34.07162094116211,12.319999694824219,16.309999465942383
2014-10-01,25.147499084472656,23.947147369384766,46.27000045776367,40.062950134277344,29.34000015258789,28.290943145751953,121.8716812133789,105.4324722290039,98.63999938964844,77.07866668701172,27.86527442932129,18.99390411376953,105.9800033569336,81.25575256347656,81.80999755859375,71.12022399902344,40.0,34.054656982421875,16.440000534057617,14.029999732971191
2014-11-01,27.05500030517578,26.370695114135742,46.88999938964844,40.796810150146484,28.17650032043457,27.354835510253906,122.15922546386719,108.21021270751953,101.61000061035156,77.04550170898438,28.368120193481445,19.754924774169922,107.83000183105469,81.6100845336914,85.5,72.01815032958984,40.150001525878906,37.455875396728516,14.40999984741211,13.329999923706055
2014-12-01,29.702499389648438,24.58099937438965,47.880001068115234,39.88628005981445,27.254499435424805,26.437162399291992,125.37016296386719,103.22660827636719,100.23999786376953,70.09911346435547,29.29791259765625,19.926023483276367,107.88999938964844,79.34916687011719,87.94999694824219,73.55630493164062,43.75,38.677005767822266,14.15999984741211,19.200000762939453
2015-01-01,27.84749984741211,26.090869903564453,46.65999984741211,34.69119644165039,26.6299991607666,26.780418395996094,121.44036102294922,98.50814056396484,91.7699966430664,61.24578094482422,29.667932510375977,19.989994049072266,105.05000305175781,75.98761749267578,88.47000122070312,71.3033218383789,45.90999984741211,37.50808334350586,17.760000228881836,20.969999313354492
2015-02-01,29.512500762939453,28.60731315612793,40.59000015258789,37.6536865234375,26.715999603271484,28.029890060424805,115.01849365234375,107.16730499267578,80.08000183105469,64.01036834716797,29.829221725463867,21.953807830810547,100.48999786376953,77.7860336303711,85.52999877929688,75.83143615722656,43.81999969482422,37.53367614746094,20.889999389648438,13.34000015258789
2015-03-01,32.3125,27.819211959838867,43.66999816894531,35.16291427612305,28.350000381469727,27.634822845458984,124.02828216552734,103.2420883178711,82.9000015258789,61.7943115234375,32.561668395996094,22.450775146484375,102.51000213623047,76.87104797363281,90.5999984741211,73.39579010009766,44.029998779296875,41.05571365356445,13.899999618530273,15.289999961853027
2015-04-01,31.204999923706055,27.980188369750977,40.599998474121094,42.06405258178711,27.741500854492188,27.339391708374023,118.46905517578125,112.68828582763672,80.02999877929688,67.08348083496094,33.05502700805664,21.895793914794922,100.45999908447266,75.80125427246094,87.76000213623047,76.2845458984375,47.810001373291016,37.734535217285156,15.319999694824219,14.550000190734863
2015-05-01,31.524999618530273,29.127117156982422,48.58000183105469,40.52471923828125,27.52549934387207,27.167516708374023,129.82713317871094,113.4789047241211,87.69000244140625,66.42495727539062,32.12523651123047,22.424962997436523,99.62000274658203,76.51953887939453,91.0,78.94760131835938,43.880001068115234,39.759857177734375,13.979999542236328,13.84000015258789
2015-06-01,32.56999969482422,28.159929275512695,47.060001373291016,38.42922592163086,27.436500549316406,26.904470443725586,130.641845703125,110.5660171508789,86.05999755859375,66.03565979003906,32.98861312866211,21.816709518432617,100.27999877929688,75.01473236083984,93.81999969482422,81.78762817382812,46.4900016784668,42.606170654296875,13.920000076293945,18.229999542236328
2015-07-01,31.725000381469727,27.232717514038086,44.459999084472656,40.64881134033203,27.183000564575195,32.756256103515625,127.8143081665039,109.5340347290039,85.38999938964844,61.21650314331055,31.840606689453125,23.46287727355957,98.30000305175781,77.13140106201172,97.52999877929688,80.2096176147461,49.90999984741211,45.970489501953125,16.6299991607666,12.119999885559082
2015-08-01,30.375,25.315418243408203,46.97999954223633,37.8808708190918,32.882999420166016,32.27400588989258,125.178466796875,104.16223907470703,78.41999816894531,60.06102752685547,34.43074035644531,20.964336395263672,100.0,72.33618927001953,94.5,69.36176300048828,53.150001525878906,42.468143463134766,12.850000381469727,28.43000030517578
2015-09-01,27.537500381469727,24.875219345092773,42.16999816894531,38.779022216796875,31.690500259399414,31.803211212158203,116.1686782836914,105.84093475341797,74.5,51.355159759521484,29.84819793701172,20.597013473510742,92.29000091552734,72.40093231201172,80.2699966430664,62.763160705566406,48.11000061035156,43.11857223510742,31.90999984741211,24.5
2015-10-01,27.267499923706055,26.950040817260742,44.75,46.121280670166016,31.89699935913086,36.736328125,120.52980041503906,122.45494079589844,65.62999725341797,57.35026550292969,29.696395874023438,22.177366256713867,93.43000030517578,78.35746765136719,73.37000274658203,66.68350982666016,50.0099983215332,46.91856384277344,23.139999389648438,15.069999694824219
2015-11-01,30.200000762939453,26.679410934448242,52.849998474121094,47.6195182800293,36.72650146484375,38.00473403930664,138.69313049316406,126.7739028930664,73.0,57.72106170654297,32.41935348510742,21.48882484436035,101.18000030517578,78.52031707763672,78.48999786376953,68.02574157714844,54.290000915527344,43.83866500854492,15.40999984741211,16.1299991607666
2015-12-01,29.6875,23.840192794799805,54.40999984741211,48.937232971191406,38.34700012207031,38.75999450683594,143.72520446777344,131.8973388671875,72.33000183105469,53.99481964111328,31.309297561645508,21.338367462158203,101.7300033569336,80.2554931640625,79.41999816894531,65.20453643798828,51.130001068115234,47.54958724975586,15.609999656677246,18.209999084472656
2016-01-01,25.65250015258789,22.046405792236328,54.31999969482422,48.59321594238281,38.11000061035156,37.93000030517578,146.40896606445312,124.13873291015625,66.87999725341797,49.45022201538086,30.218215942382812,20.155107498168945,101.70999908447266,81.59929656982422,75.77999877929688,66.34768676757812,54.15999984741211,42.00736618041992,22.479999542236328,20.200000762939453
2016-02-01,24.11750030517578,21.899188995361328,54.880001068115234,44.87969970703125,38.5629997253418,35.731468200683594,139.0286102294922,124.30931091308594,61.970001220703125,54.46168899536133,28.785579681396484,19.61305046081543,103.61000061035156,82.20091247558594,76.2300033569336,69.07881927490234,48.099998474121094,41.858985900878906,21.31999969482422,20.549999237060547
2016-03-01,24.412500381469727,24.81894874572754,50.970001220703125,49.066505432128906,36.064998626708984,38.00722122192383,140.94558715820312,136.6997528076172,68.44000244140625,61.57308578491211,28.263757705688477,19.79020118713379,105.9000015258789,85.14966583251953,80.63999938964844,66.33049011230469,48.59000015258789,46.3660774230957,19.84000015258789,13.949999809265137
2016-04-01,27.19499969482422,21.34625244140625,55.04999923706055,44.3046760559082,37.858001708984375,35.26615905761719,150.96177673339844,132.22763061523438,75.6500015258789,62.522335052490234,27.93168830871582,21.840003967285156,108.0,88.20308685302734,76.26000213623047,73.0111083984375,52.20000076293945,43.09751510620117,15.229999542236328,15.699999809265137
2016-05-01,23.49250030517578,22.739887237548828,50.0,47.085357666015625,35.59600067138672,37.3072624206543,146.8402862548828,129.99160766601562,77.3499984741211,58.899879455566406,30.891841888427734,23.168691635131836,112.22000122070312,88.68315887451172,84.16999816894531,71.4312515258789,49.33000183105469,41.94650650024414,16.329999923706055,14.1899995803833
2016-06-01,24.7549991607666,21.90235137939453,52.439998626708984,45.77753829956055,37.423500061035156,35.049442291259766,143.96481323242188,135.36671447753906,71.9800033569336,61.58047866821289,32.92219924926758,23.719741821289062,112.69000244140625,96.14045715332031,81.95999908447266,70.34620666503906,47.279998779296875,39.10536575317383,14.449999809265137,15.630000114440918
2016-07-01,23.872499465942383,23.874940872192383,51.130001068115234,50.706871032714844,35.255001068115234,39.42408752441406,150.86593627929688,134.9191436767578,75.37999725341797,67.22595977783203,33.34914779663086,24.851503372192383,121.30000305175781,99.25531768798828,81.22000122070312,67.96166229248047,44.720001220703125,41.334903717041016,15.59000015258789,11.869999885559082
2016-08-01,26.102500915527344,24.30794906616211,56.599998474121094,51.40468215942383,39.333499908447266,39.349853515625,149.14065551757812,135.35238647460938,82.76000213623047,67.20928955078125,35.12334060668945,23.443544387817383,125.30999755859375,94.58699798583984,77.75,73.94366455078125,46.58000183105469,42.29042434692383,11.890000343322754,13.420000076293945
2016-09-01,26.53499984741211,26.04052734375,57.0099983215332,51.85108947753906,39.5989990234375,40.05778503417969,149.284423828125,128.33346557617188,81.58999633789062,72.8025131225586,32.95066452026367,23.006698608398438,119.19000244140625,94.2525634765625,84.5,74.64329528808594,48.04999923706055,43.51150894165039,13.069999694824219,13.289999961853027
2016-10-01,28.177499771118164,26.153390884399414,57.40999984741211,53.939537048339844,40.127498626708984,40.34873580932617,141.18521118164062,127.0644760131836,88.2300033569336,68.44766235351562,32.00189971923828,21.53948974609375,118.0,92.54510498046875,84.61000061035156,77.78517150878906,48.7400016784668,43.76106643676758,13.75,17.059999465942383
2016-11-01,28.364999771118164,25.457748413085938,59.970001220703125,54.24559783935547,40.54349899291992,38.65387725830078,138.98068237304688,134.3128662109375,83.47000122070312,79.06298065185547,29.354839324951172,21.831573486328125,114.76000213623047,88.80309295654297,88.12000274658203,88.26815795898438,49.09000015258789,45.819889068603516,16.540000915527344,13.329999923706055
2016-12-01,27.592500686645508,26.815555572509766,60.11000061035156,56.31585693359375,38.9275016784668,39.47938537597656,146.8402862548828,137.98068237304688,96.0,76.72980499267578,30.59772300720215,22.282560348510742,111.36000061035156,92.55801391601562,100.94999694824219,90.76994323730469,50.849998474121094,46.718196868896484,13.399999618530273,14.039999961853027
2017-01-01,28.950000762939453,28.095909118652344,62.790000915527344,58.590614318847656,40.03099822998047,40.86137008666992,151.7764892578125,130.66029357910156,94.0,79.14573669433594,31.024667739868164,21.768030166625977,115.77999877929688,90.9833755493164,103.68000030517578,94.85015869140625,52.22999954223633,49.697540283203125,14.069999694824219,11.989999771118164
2017-02-01,31.75749969482422,31.71700668334961,64.36000061035156,57.9833984375,41.20000076293945,42.09390640258789,142.47915649414062,131.144287109375,95.80999755859375,80.63667297363281,29.8956356048584,23.407669067382812,112.4800033569336,98.18167877197266,107.30000305175781,97.0120849609375,55.27000045776367,50.20905303955078,11.789999961853027,12.920000076293945
2017-03-01,34.47249984741211,33.405494689941406,64.12999725341797,60.049049377441406,42.569000244140625,42.23688888549805,143.67727661132812,132.14596557617188,98.19999694824219,77.3831558227539,32.51423263549805,23.708511352539062,122.48999786376953,100.72372436523438,110.72000122070312,96.4538803100586,56.5099983215332,53.1984748840332,12.3100004196167,12.369999885559082
2017-04-01,35.9275016784668,33.40317916870117,65.80999755859375,62.419647216796875,42.4375,46.05903625488281,142.62294006347656,128.55410766601562,92.43000030517578,85.30835723876953,32.362430572509766,23.507532119750977,124.7300033569336,99.8503189086914,108.97000122070312,99.44123840332031,59.0,55.781185150146484,12.59000015258789,10.819999694824219
2017-05-01,36.275001525878906,35.521541595458984,68.68000030517578,63.677879333496094,46.20750045776367,49.176231384277344,139.0286102294922,121.4146499633789,102.6500015258789,88.68345642089844,32.15370178222656,22.627389907836914,123.4000015258789,103.7159194946289,112.25,109.1082992553711,61.779998779296875,57.858192443847656,10.920000076293945,10.40999984741211
2017-06-01,38.29249954223633,33.627445220947266,70.23999786376953,63.208438873291016,49.54800033569336,46.316097259521484,131.83995056152344,119.77391815185547,105.7699966430664,90.39096069335938,30.996204376220703,23.504159927368164,128.32000732421875,107.69251251220703,125.25,110.11509704589844,64.30999755859375,59.5977668762207,10.420000076293945,11.180000305175781
2017-07-01,36.220001220703125,34.72718811035156,69.33000183105469,66.66549682617188,46.6609992980957,47.104244232177734,130.16259765625,114.52371215820312,106.51000213623047,95.85009002685547,31.764705657958984,23.203271865844727,132.7899932861328,108.04257202148438,124.19000244140625,114.85860443115234,65.6500015258789,60.69755172729492,11.069999694824219,10.260000228881836
2017-08-01,37.275001525878906,38.292598724365234,73.0999984741211,68.56368255615234,47.390499114990234,47.58948516845703,122.83016967773438,109.7835693359375,114.2699966430664,99.54115295410156,31.347248077392578,23.735071182250977,133.1699981689453,107.75762176513672,128.50999450683594,103.8007583618164,68.16999816894531,63.15163803100586,10.1899995803833,10.59000015258789
2017-09-01,41.20000076293945,36.127017974853516,74.70999908447266,68.67086029052734,47.87350082397461,48.51014709472656,117.89395904541016,108.1290054321289,117.48999786376953,105.65815734863281,32.20113754272461,25.2246150970459,132.60000610351562,106.50970458984375,115.9800033569336,112.45008087158203,69.81999969482422,59.034629821777344,10.329999923706055,9.510000228881836
2017-10-01,38.564998626708984,39.6243896484375,74.70999908447266,76.68195343017578,48.782501220703125,51.46543502807617,116.07283020019531,91.05299377441406,124.4000015258789,115.0539779663086,33.842506408691406,24.772401809692383,130.16000366210938,114.2105712890625,125.69999694824219,119.55905151367188,64.05999755859375,60.698612213134766,9.59000015258789,10.180000305175781
2017-11-01,42.467498779296875,40.2830924987793,83.68000030517578,77.59461212158203,51.816001892089844,51.621368408203125,96.18421936035156,82.60709381103516,135.6699981689453,120.2999267578125,33.2163200378418,25.620296478271484,139.8300018310547,114.14506530761719,133.8699951171875,134.83688354492188,66.58000183105469,60.01289367675781,9.789999961853027,11.279999732971191
2017-12-01,42.48749923706055,39.811527252197266,83.5999984741211,79.25365447998047,51.52050018310547,52.47975540161133,87.60575866699219,78.813232421875,141.60000610351562,134.3029327392578,34.43074035644531,25.825881958007812,139.57000732421875,115.1655044555664,150.25,140.8201904296875,65.31999969482422,61.09062957763672,11.1899995803833,11.039999961853027
2018-01-01,42.540000915527344,39.38808059692383,86.12999725341797,88.0277099609375,52.6510009765625,58.897491455078125,84.25104522705078,73.53633117675781,158.3000030517578,138.73484802246094,34.51612854003906,26.41057014465332,139.66000366210938,113.90436553955078,156.6699981689453,150.30538940429688,67.22000122070312,65.913818359375,10.949999809265137,13.539999961853027
2018-02-01,41.79249954223633,41.90291213989258,94.79000091552734,86.87882232666016,58.79949951171875,54.99663162231445,76.96654510498047,64.1680908203125,161.24000549316406,132.4004364013672,34.734344482421875,25.890056610107422,137.52999877929688,107.0548095703125,165.99000549316406,145.2928009033203,71.93000030517578,61.587684631347656,13.050000190734863,19.850000381469727
2018-03-01,44.6349983215332,39.63135528564453,93.98999786376953,84.95977783203125,55.47700119018555,51.66969299316406,67.86091613769531,61.810367584228516,153.6699981689453,126.19266510009766,34.26945114135742,25.53980827331543,129.11000061035156,106.30518341064453,160.75,140.28025817871094,66.61000061035156,60.756412506103516,19.959999084472656,19.969999313354492
2018-04-01,41.65999984741211,39.03609085083008,90.47000122070312,87.0542221069336,51.38100051879883,50.74504852294922,64.45828247070312,64.51568603515625,146.44000244140625,123.60682678222656,33.60531234741211,26.345800399780273,127.81999969482422,104.92818450927734,154.3800048828125,122.70977783203125,65.68000030517578,58.42176055908203,21.06999969482422,15.930000305175781
2018-05-01,41.602500915527344,44.140602111816406,93.20999908447266,92.00640869140625,50.814998626708984,54.80133819580078,67.4775161743164,64.56155395507812,143.0800018310547,130.72637939453125,33.75711441040039,25.856454849243164,126.31999969482422,99.22926330566406,134.75999450683594,135.56739807128906,63.2400016784668,57.69913101196289,16.0,15.430000305175781
2018-06-01,46.997501373291016,43.893470764160156,99.27999877929688,92.19017028808594,55.64350128173828,56.25556945800781,67.5733642578125,62.40645980834961,153.3000030517578,116.75096893310547,34.402278900146484,26.363187789916992,120.37999725341797,101.402587890625,150.6999969482422,126.76289367675781,62.68000030517578,53.50833511352539,14.920000076293945,16.09000015258789
2018-07-01,45.95500183105469,45.121761322021484,98.0999984741211,99.17385864257812,55.76750183105469,61.139366149902344,64.60205841064453,63.052852630615234,133.8000030517578,123.74727630615234,34.15559768676758,29.015487670898438,121.33999633789062,110.7455825805664,138.05999755859375,131.94078063964844,56.83000183105469,55.310306549072266,17.700000762939453,12.829999923706055
2018-08-01,49.782501220703125,53.975860595703125,106.02999877929688,105.01695251464844,61.955501556396484,61.36753845214844,64.93753051757812,59.86091232299805,142.97000122070312,120.22016143798828,37.5996208190918,30.170869827270508,132.38999938964844,112.55900573730469,143.60000610351562,131.0386199951172,59.15999984741211,57.411048889160156,13.09000015258789,12.859999656677246
2018-09-01,57.102500915527344,53.71543884277344,110.8499984741211,107.33562469482422,61.125999450683594,60.13600158691406,61.726593017578125,52.22795104980469,137.86000061035156,132.030029296875,39.35483932495117,32.296531677246094,134.69000244140625,116.23672485351562,143.3699951171875,136.9890899658203,61.209999084472656,60.02489471435547,13.130000114440918,12.119999885559082
2018-10-01,56.98749923706055,52.07831573486328,114.75,100.24060821533203,60.650001525878906,54.3320426940918,62.39753341674805,47.168304443359375,153.61000061035156,105.04220581054688,41.774192810058594,31.556352615356445,138.25999450683594,117.7678451538086,151.72000122070312,123.98211669921875,63.720001220703125,52.748870849609375,11.989999771118164,21.229999542236328
2018-11-01,54.76250076293945,42.493587493896484,107.05000305175781,104.06964874267578,54.56999969482422,55.28209686279297,47.97229766845703,35.025962829589844,122.58999633789062,118.21546173095703,40.986717224121094,33.879478454589844,140.07000732421875,123.58089447021484,136.2100067138672,141.77760314941406,56.38999938964844,56.749267578125,20.959999084472656,18.06999969482422
2018-12-01,46.1150016784668,37.66561508178711,113.0,95.73469543457031,56.608001708984375,52.05928039550781,36.134979248046875,35.35287094116211,141.8800048828125,110.721923828125,43.99430847167969,32.235595703125,145.57000732421875,109.25579833984375,161.99000549316406,136.55059814453125,60.599998474121094,46.79542922973633,16.040000915527344,25.420000076293945
2019-01-01,38.72249984741211,39.74302291870117,99.55000305175781,98.43038177490234,51.36000061035156,56.09115982055664,35.751583099365234,47.51377868652344,124.02999877929688,116.02842712402344,40.91081619262695,31.349382400512695,128.1300048828125,112.66767883300781,146.22999572753906,150.90774536132812,48.939998626708984,54.65479278564453,27.540000915527344,16.56999969482422
2019-02-01,41.7400016784668,41.34525680541992,103.77999877929688,105.59374237060547,56.114498138427734,56.12404251098633,48.88286209106445,50.532955169677734,133.02999877929688,120.44049835205078,40.673622131347656,32.29363250732422,134.02000427246094,115.6816177368164,164.0800018310547,150.94451904296875,57.54999923706055,54.825645446777344,16.6299991607666,14.779999732971191
2019-03-01,43.56999969482422,45.55133819580078,112.88999938964844,111.63898468017578,56.54999923706055,58.631954193115234,52.08420944213867,48.58750534057617,138.86000061035156,118.8181381225586,41.37571334838867,31.63807487487793,137.22000122070312,119.13337707519531,164.85000610351562,147.07981872558594,58.34000015258789,48.55583190917969,14.569999694824219,13.710000038146973
2019-04-01,47.90999984741211,48.12207794189453,118.94999694824219,123.62258911132812,59.37699890136719,59.731468200683594,49.94103240966797,49.51535415649414,137.69000244140625,122.26456451416016,40.39848327636719,30.252473831176758,139.99000549316406,120.33502197265625,161.63999938964844,153.14297485351562,51.0,52.51918411254883,13.899999618530273,13.119999885559082
2019-05-01,52.470001220703125,41.983009338378906,130.52999877929688,117.07229614257812,59.875,55.12516784667969,50.58897018432617,45.96116638183594,139.5800018310547,105.70442199707031,38.51043701171875,30.930376052856445,140.9499969482422,111.77007293701172,165.61000061035156,129.60243225097656,55.599998474121094,49.00577926635742,12.859999656677246,18.709999084472656
2019-06-01,43.900001525878906,47.64537811279297,123.8499984741211,127.2724609375,53.346500396728516,53.9444465637207,46.352455139160156,51.12204360961914,119.91000366210938,120.24417114257812,39.497154235839844,32.5575065612793,131.5,119.51090240478516,139.5399932861328,153.21694946289062,50.9900016784668,44.99119186401367,19.40999984741211,15.079999923706055
2019-07-01,50.79249954223633,51.28522872924805,136.6300048828125,129.46717834472656,55.051998138427734,60.68999481201172,52.93151092529297,50.92757797241211,139.3000030517578,116.16809844970703,41.28083419799805,29.190526962280273,140.1999969482422,111.73689270019531,168.3000030517578,153.8654022216797,46.7599983215332,45.64841842651367,13.850000381469727,16.1200008392334
2019-08-01,53.474998474121094,50.250083923339844,137.0,130.97776794433594,60.881500244140625,59.311492919921875,51.68547821044922,40.205989837646484,131.63999938964844,105.79762268066406,36.34724807739258,26.7178955078125,130.25999450683594,110.14087677001953,165.88999938964844,143.8894805908203,47.09000015258789,42.603904724121094,15.40999984741211,18.979999542236328
2019-09-01,51.60749816894531,54.12125778198242,136.61000061035156,132.5291748046875,59.092498779296875,60.836463928222656,40.371490478515625,43.56867218017578,117.9000015258789,112.29663848876953,33.785579681396484,27.256126403808594,127.98999786376953,111.84797668457031,153.75999450683594,156.6798553466797,43.81999969482422,42.7110481262207,20.959999084472656,16.239999771118164
2019-10-01,56.26750183105469,60.11164474487305,139.66000366210938,136.66629028320312,61.1245002746582,62.7126579284668,44.6578483581543,48.68963623046875,127.4000015258789,122.51184844970703,34.08918380737305,29.107080459594727,130.02000427246094,114.14752960205078,169.60000610351562,162.4935302734375,43.79999923706055,41.909786224365234,16.020000457763672,13.220000267028809
2019-11-01,62.3849983215332,64.57965850830078,144.25999450683594,144.30174255371094,63.290000915527344,64.96897888183594,50.240081787109375,54.98318099975586,139.3699951171875,129.68446350097656,36.70777893066406,29.220869064331055,132.0500030517578,118.85903930664062,175.89999389648438,156.81082153320312,43.22999954223633,44.049739837646484,12.5,12.619999885559082
2019-12-01,66.81749725341797,71.1721420288086,151.80999755859375,150.8377685546875,65.12799835205078,66.72760009765625,56.37056350708008,54.44652557373047,145.1999969482422,132.32777404785156,36.80265808105469,30.008785247802734,137.72000122070312,126.97711944580078,165.3000030517578,161.67237854003906,45.15999984741211,50.243595123291016,12.6899995803833,13.779999732971191
2020-01-01,74.05999755859375,75.0161361694336,158.77999877929688,162.82249450683594,67.42050170898438,71.38024139404297,55.97183609008789,60.79513931274414,149.0,117.69539642333984,37.286529541015625,28.52289390563965,145.8699951171875,129.5885772705078,174.24000549316406,148.6166229248047,51.349998474121094,43.027809143066406,13.460000038146973,18.84000015258789
2020-02-01,76.07499694824219,66.25442504882812,170.42999267578125,154.96018981933594,73.0824966430664,66.72062683105469,62.10232162475586,53.12860107421875,131.44000244140625,112.1053695678711,35.54079818725586,25.85855484008789,149.4199981689453,117.06237030029297,159.44000244140625,146.6485595703125,43.75,33.07398223876953,18.639999389648438,40.11000061035156
2020-03-01,70.56999969482422,61.77869415283203,165.30999755859375,151.2593536376953,67.56950378417969,57.88765335083008,55.87215042114258,38.77216720581055,125.05000305175781,104.7062759399414,32.17267608642578,25.25503158569336,134.77999877929688,114.87411499023438,157.9199981689453,129.47959899902344,32.709999084472656,13.170000076293945,38.540000915527344,53.540000915527344
2020-04-01,61.625,71.37747955322266,153.0,171.8799591064453,56.20000076293945,67.09178924560547,37.48069381713867,33.23835754394531,112.08999633789062,105.0130615234375,30.284629821777344,29.680856704711914,127.69999694824219,131.43984985351562,132.17999267578125,136.71511840820312,12.600000381469727,15.899999618530273,57.380001068115234,34.150001525878906
2020-05-01,71.5625,77.2421875,175.8000030517578,175.7547149658203,66.20449829101562,71.41710662841797,33.244178771972656,32.11410903930664,114.0,109.3919677734375,35.91081619262695,29.5493106842041,149.6199951171875,130.309814453125,142.89999389648438,143.36895751953125,14.899999618530273,15.739999771118164,38.16999816894531,27.510000228881836
2020-06-01,79.4375,88.86654663085938,182.5399932861328,195.72962951660156,71.28500366210938,70.64640045166016,32.79560852050781,33.384986877441406,119.86000061035156,115.19257354736328,33.68121337890625,25.553604125976562,147.2899932861328,124.05042266845703,149.33999633789062,148.1095733642578,15.979999542236328,16.420000076293945,28.940000534057617,30.43000030517578
2020-07-01,91.27999877929688,103.5412368774414,203.13999938964844,197.1722869873047,70.95850372314453,74.12877655029297,34.54005432128906,29.714603424072266,129.3800048828125,121.00231170654297,32.7703971862793,30.070425033569336,140.69000244140625,128.57562255859375,159.64999389648438,167.01905822753906,16.940000534057617,13.880000114440918,30.959999084472656,24.459999084472656
2020-08-01,108.19999694824219,125.73838806152344,211.52000427246094,216.90782165527344,74.55000305175781,81.18221282958984,30.602588653564453,31.036340713500977,132.3000030517578,130.55990600585938,36.63187789916992,29.81985092163086,146.38999938964844,135.32374572753906,177.3800048828125,198.9905242919922,13.479999542236328,16.479999542236328,25.75,26.40999984741211
2020-09-01,132.75999450683594,113.05033874511719,225.50999450683594,202.77789306640625,81.60800170898438,73.01531219482422,31.250526428222656,30.49785041809082,141.6699981689453,136.83514404296875,35.85388946533203,28.959735870361328,153.8699951171875,132.20188903808594,208.52000427246094,209.9508514404297,16.09000015258789,15.180000305175781,25.860000610351562,26.3700008392334
2020-10-01,117.63999938964844,106.26596069335938,213.49000549316406,195.20010375976562,74.18299865722656,80.51362609863281,31.250526428222656,36.383323669433594,149.9199981689453,144.0828857421875,35.01897430419922,27.997037887573242,149.30999755859375,121.75039672851562,223.5,214.7407989501953,15.430000305175781,13.710000038146973,25.780000686645508,38.02000045776367
2020-11-01,109.11000061035156,116.21312713623047,204.2899932861328,206.3835906982422,81.177001953125,87.40316009521484,37.381011962890625,49.91674041748047,159.1999969482422,160.22996520996094,34.08918380737305,31.862606048583984,138.97999572753906,128.4723663330078,228.49000549316406,248.68524169921875,13.489999771118164,19.979999542236328,38.56999969482422,20.56999969482422
2020-12-01,121.01000213623047,129.75157165527344,214.50999450683594,214.9951934814453,88.33300018310547,87.31547546386719,51.486114501953125,52.95686340332031,175.38999938964844,168.0111846923828,39.400001525878906,30.929901123046875,146.2899932861328,140.7207489013672,263.2200012207031,255.74790954589844,20.989999771118164,21.65999984741211,20.209999084472656,22.75
2021-01-01,133.52000427246094,129.03773498535156,222.52999877929688,224.21673583984375,88.0,91.03797912597656,54.27722930908203,52.4166259765625,183.0,168.76803588867188,36.869998931884766,30.165264129638672,157.24000549316406,145.86212158203125,271.80999755859375,275.30999755859375,21.700000762939453,18.670000076293945,23.040000915527344,33.09000015258789
2021-02-01,133.75,118.57469940185547,235.05999755859375,224.62269592285156,92.22949981689453,100.73033905029297,54.12770462036133,61.54537582397461,185.9600067138672,200.32534790039062,35.93000030517578,28.446374893188477,165.30999755859375,141.68646240234375,292.1199951171875,332.8123779296875,18.959999084472656,26.75,31.450000762939453,27.950000762939453
2021-03-01,123.75,119.62346649169922,235.89999389648438,228.42442321777344,102.4000015258789,102.75350952148438,64.39501953125,64.44102478027344,219.30999755859375,215.1632537841797,33.59000015258789,30.77371597290039,161.4499969482422,147.86932373046875,355.05999755859375,356.6636962890625,27.549999237060547,26.540000915527344,25.200000762939453,19.399999618530273
2021-04-01,123.66000366210938,128.7408905029297,238.47000122070312,244.3231658935547,104.61250305175781,117.24996185302734,65.94010162353516,64.43944549560547,231.3000030517578,211.67416381835938,36.29999923706055,32.82927322387695,162.60000610351562,146.41175842285156,375.6300048828125,354.3942565917969,26.989999771118164,27.959999084472656,18.600000381469727,18.610000610351562
2021-05-01,132.0399932861328,122.03258514404297,253.39999389648438,241.90106201171875,118.24549865722656,117.41685485839844,65.98994445800781,69.0562973022461,230.0,224.72091674804688,39.040000915527344,32.897216796875,163.60000610351562,152.27793884277344,376.5,345.07684326171875,28.020000457763672,29.559999465942383,18.649999618530273,16.760000228881836
2021-06-01,125.08000183105469,134.35496520996094,251.22999572753906,263.0660095214844,118.72200012207031,121.64851379394531,70.92424011230469,66.10935974121094,244.00999450683594,202.86219787597656,38.939998626708984,33.590213775634766,170.14999389648438,149.1449737548828,364.4100036621094,337.05914306640625,30.190000534057617,26.360000610351562,17.239999771118164,15.829999923706055
2021-07-01,136.60000610351562,143.085693359375,269.6099853515625,276.6708068847656,121.7249984741211,134.2398681640625,67.68455505371094,63.65287780761719,219.16000366210938,192.72047424316406,39.16999816894531,36.721073150634766,164.74000549316406,155.8987579345703,355.6600036621094,346.4361572265625,26.59000015258789,21.649999618530273,15.619999885559082,18.239999771118164
2021-08-01,146.36000061035156,148.94215393066406,286.3599853515625,293.15008544921875,135.11700439453125,144.1748504638672,65.09280395507812,64.76496887207031,208.0,197.61573791503906,43.29999923706055,39.875308990478516,172.47000122070312,156.7406768798828,363.8999938964844,362.1872253417969,21.829999923706055,24.139999389648438,18.15999984741211,16.479999542236328
2021-09-01,152.8300018310547,139.01657104492188,302.8699951171875,274.2913818359375,145.0,133.1931610107422,65.64105224609375,63.30267333984375,210.8699951171875,179.90367126464844,46.189998626708984,37.226768493652344,172.89999389648438,147.08050537109375,378.20001220703125,321.0276184082031,24.219999313354492,25.010000228881836,16.059999465942383,23.139999389648438
2021-10-01,141.89999389648438,147.17092895507812,282.1199951171875,322.6465759277344,134.44749450683594,147.51126098632812,64.90589904785156,64.48329162597656,192.89999389648438,191.18692016601562,42.52000045776367,37.85860061645508,161.52999877929688,148.33729553222656,338.1000061035156,328.9400329589844,26.06999969482422,22.15999984741211,24.780000686645508,16.260000228881836
2021-11-01,148.99000549316406,162.3988800048828,331.3599853515625,321.6444091796875,148.04600524902344,141.38497924804688,65.89026641845703,58.408199310302734,204.2899932861328,182.1974639892578,44.13999938964844,46.50532531738281,163.16000366210938,142.0078125,347.1199951171875,332.04388427734375,22.299999237060547,17.6200008392334,16.850000381469727,27.190000534057617
2021-12-01,167.47999572753906,174.70816040039062,335.1300048828125,327.81805419921875,144.0,144.32879638671875,60.152278900146484,58.088462829589844,197.5800018310547,194.81507873535156,52.470001220703125,51.55862045288086,156.8800048828125,156.8165283203125,353.6199951171875,329.49737548828125,18.1200008392334,20.1200008392334,24.920000076293945,17.219999313354492
2022-01-01,177.8300018310547,171.963134765625,335.3500061035156,303.11859130859375,145.05499267578125,134.81478881835938,59.323665618896484,58.145477294921875,207.3300018310547,189.9338836669922,58.5,46.00547790527344,170.2100067138672,157.93484497070312,344.0,362.8005065917969,20.559999465942383,19.809999465942383,17.600000381469727,24.829999923706055
2022-02-01,174.00999450683594,162.45877075195312,310.4100036621094,291.2367248535156,137.59449768066406,134.56918334960938,59.18660354614258,58.77936553955078,200.8000030517578,177.61793518066406,52.7400016784668,41.296566009521484,171.74000549316406,150.8581085205078,375.0,347.0122375488281,19.950000762939453,20.329999923706055,24.56999969482422,30.149999618530273
2022-03-01,164.6999969482422,172.01473999023438,296.3999938964844,301.1374816894531,134.8784942626953,138.56520080566406,59.16168212890625,56.31150436401367,187.77000427246094,210.9864044189453,46.689998626708984,45.54587173461914,163.0399932861328,163.50613403320312,361.1199951171875,400.44915771484375,19.969999313354492,20.219999313354492,29.450000762939453,20.559999465942383
2022-04-01,174.02999877929688,155.3068084716797,309.3699951171875,271.06378173828125,139.5,113.69732666015625,57.379852294921875,45.92123794555664,224.35000610351562,199.35858154296875,52.119998931884766,43.17048645019531,177.0500030517578,166.4860382080078,417.04998779296875,364.8365783691406,20.350000381469727,17.299999237060547,20.6200008392334,33.400001525878906
2022-05-01,156.7100067138672,146.62774658203125,277.7099914550781,265.5451965332031,113.40499877929688,113.3510971069336,46.15932083129883,48.22500991821289,210.0,205.36672973632812,47.68000030517578,46.66318893432617,180.47000122070312,165.6280517578125,374.9599914550781,345.732421875,17.309999465942383,13.880000114440918,33.349998474121094,26.190000534057617
2022-06-01,149.89999389648438,134.88580322265625,275.20001220703125,251.43936157226562,114.8550033569336,108.56941986083984,49.26817321777344,39.219390869140625,218.4600067138672,170.078125,53.25,46.502681732177734,179.14999389648438,164.81678771972656,363.0799865722656,289.3858337402344,14.039999961853027,8.649999618530273,26.049999237060547,28.709999084472656
2022-07-01,136.0399932861328,160.32980346679688,256.3900146484375,274.8475341796875,107.93299865722656,115.89985656738281,39.55533981323242,45.58137130737305,179.30999755859375,188.6215057373047,52.040000915527344,44.799739837646484,177.4499969482422,162.04058837890625,300.5899963378906,332.84051513671875,8.609999656677246,9.0600004196167,29.530000686645508,21.329999923706055
2022-08-01,161.00999450683594,155.1107940673828,277.82000732421875,255.98196411132812,115.30000305175781,107.82910919189453,45.667137145996094,45.29151153564453,195.0800018310547,176.96316528320312,50.31999969482422,40.427947998046875,174.1699981689453,149.8030548095703,338.8699951171875,354.24560546875,8.899999618530273,9.460000038146973,22.40999984741211,25.8700008392334
2022-09-01,156.63999938964844,136.53530883789062,258.8699951171875,228.49562072753906,108.27999877929688,95.30451202392578,45.635986328125,38.1807975769043,182.27000427246094,157.19839477539062,45.13999938964844,39.114009857177734,161.49000549316406,152.69773864746094,358.9800109863281,323.83038330078125,9.289999961853027,7.03000020980835,26.8799991607666,31.6200008392334
2022-10-01,138.2100067138672,151.49293518066406,235.41000366210938,227.74020385742188,96.76000213623047,94.16863250732422,39.10053634643555,48.046104431152344,167.42999267578125,207.38153076171875,44.06999969482422,41.6077995300293,164.2899932861328,162.61529541015625,339.6099853515625,385.15277099609375,7.170000076293945,9.0600004196167,33.0,25.8799991607666
2022-11-01,155.0800018310547,146.2469024658203,234.60000610351562,250.31503295898438,95.44999694824219,100.62522888183594,48.9442024230957,53.084739685058594,218.6300048828125,228.01034545898438,48.0,44.80771255493164,174.05999755859375,166.38221740722656,398.0,429.1152038574219,9.390000343322754,9.930000305175781,25.959999084472656,20.579999923706055
2022-12-01,148.2100067138672,128.57785034179688,253.8699951171875,235.94781494140625,101.0199966430664,87.91130828857422,53.71028137207031,51.7386360168457,236.89999389648438,231.04843139648438,50.310001373291016,46.19240951538086,179.0,166.1861114501953,440.3299865722656,417.2050476074219,9.960000038146973,8.0600004196167,20.829999923706055,21.670000076293945
2023-01-01,130.27999877929688,142.78842163085938,243.0800018310547,243.808837890625,89.58999633789062,98.48298645019531,52.364566802978516,63.720523834228516,240.67999267578125,243.3261260986328,51.0099983215332,39.809844970703125,176.16000366210938,153.7397918701172,428.0,412.5955505371094,8.239999771118164,10.819999694824219,23.09000015258789,19.399999618530273
2023-02-01,143.97000122070312,145.8759765625,248.0,245.39283752441406,98.70999908447266,89.73470306396484,64.06224822998047,67.06963348388672,251.75,232.14064025878906,43.90999984741211,36.90925979614258,162.99000549316406,144.18161010742188,422.0400085449219,409.0827941894531,10.819999694824219,10.619999885559082,19.6200008392334,20.700000762939453
2023-03-01,146.8300018310547,163.43310546875,250.75999450683594,284.35546875,89.9800033569336,103.35533142089844,67.56584167480469,75.6918716430664,242.00999450683594,221.76190185546875,40.560001373291016,37.11850357055664,153.00999450683594,146.8673553466797,418.3399963378906,402.8768615722656,10.619999885559082,10.149999618530273,20.389999389648438,18.700000762939453
2023-04-01,164.27000427246094,168.17059326171875,286.5199890136719,303.05609130859375,102.38999938964844,106.95228576660156,76.4166030883789,78.43272399902344,230.00999450683594,212.03244018554688,40.689998626708984,35.38084411621094,154.9499969482422,155.11085510253906,413.04998779296875,370.01544189453125,9.979999542236328,9.210000038146973,19.790000915527344,15.779999732971191
2023-05-01,169.27999877929688,175.67324829101562,306.9700012207031,323.8970031738281,106.83999633789062,122.42619323730469,79.40143585205078,80.46149444580078,219.33999633789062,200.46835327148438,39.0,34.589351654052734,163.60000610351562,146.9241943359375,379.95001220703125,338.6539306640625,9.270000457763672,11.229999542236328,16.40999984741211,17.950000762939453
2023-06-01,177.6999969482422,192.5104522705078,325.92999267578125,336.61505126953125,122.81999969482422,119.26763916015625,80.77413940429688,87.05500793457031,207.67999267578125,239.73385620117188,38.119998931884766,33.73134994506836,154.5399932861328,158.01870727539062,349.2300109863281,396.6101379394531,11.319999694824219,18.829999923706055,,
2023-07-01,193.77999877929688,194.97177124023438,339.19000244140625,332.0483093261719,119.23999786376953,132.24063110351562,87.03910827636719,90.5340347290039,245.9499969482422,258.36309814453125,36.5,33.16119384765625,164.33999633789062,159.9376220703125,402.2300109863281,421.8044738769531,18.549999237060547,18.84000015258789,,
2023-08-01,196.24000549316406,186.4563446044922,335.19000244140625,323.9822998046875,130.77999877929688,135.6781463623047,90.73423767089844,90.77546691894531,272.75,275.26983642578125,35.880001068115234,32.89834976196289,166.3699951171875,154.35272216796875,431.3500061035156,403.4831237792969,18.15999984741211,15.819999694824219,,
2023-09-01,189.49000549316406,170.15115356445312,331.30999755859375,312.77154541015625,137.4600067138672,130.3873291015625,91.79569244384766,87.67453002929688,284.79998779296875,267.3092956542969,35.63999938964844,30.84336280822754,161.4199981689453,149.7710418701172,414.6700134277344,370.5320739746094,15.829999923706055,13.720000267028809,,
2023-10-01,171.22000122070312,169.71388244628906,316.2799987792969,334.920654296875,131.2100067138672,123.63182830810547,88.14844512939453,86.21383666992188,272.6400146484375,221.3379669189453,32.95000076293945,28.41643524169922,155.4199981689453,142.6455078125,379.19000244140625,359.9945983886719,13.5,11.460000038146973,,
2023-11-01,171.0,188.77525329589844,339.7900085449219,375.3357849121094,124.06999969482422,132.05130004882812,86.43256378173828,96.66615295410156,225.11000061035156,246.76223754882812,30.559999465942383,28.33275032043457,149.19000244140625,148.72286987304688,364.8800048828125,359.0585632324219,11.449999809265137,15.0600004196167,,
2023-12-01,190.3300018310547,191.59136962890625,376.760009765625,373.2489318847656,131.86000061035156,139.18544006347656,97.12689208984375,101.2931137084961,251.91000366210938,291.0026550292969,28.969999313354492,27.13152313232422,156.44000244140625,151.93003845214844,364.9100036621094,393.9978332519531,15.119999885559082,18.540000915527344,,
2024-01-01,187.14999389648438,183.5010223388672,373.8599853515625,394.6289978027344,138.5500030517578,139.59396362304688,101.3647232055664,105.16068267822266,293.42999267578125,295.5694274902344,28.8799991607666,25.520029067993164,156.92999267578125,154.0237579345703,399.1199951171875,389.2247619628906,18.309999465942383,16.579999923706055,,
2024-02-01,183.99000549316406,179.86883544921875,401.8299865722656,410.5698547363281,142.1199951171875,137.9598846435547,106.16919708251953,124.59341430664062,303.239990234375,330.2110290527344,27.100000381469727,25.40664291381836,158.16000366210938,156.42767333984375,395.0799865722656,361.01043701171875,17.09000015258789,15.859999656677246,,
2024-03-01,179.5500030517578,170.86175537109375,411.2699890136719,418.3694763183594,138.42999267578125,150.3848419189453,125.29927825927734,139.39627075195312,334.0,362.3165283203125,26.829999923706055,26.544967651367188,161.8300018310547,154.49977111816406,365.010009765625,406.19488525390625,15.899999618530273,16.34000015258789,,
2024-04-01,171.19000244140625,169.71591186523438,423.95001220703125,387.15484619140625,150.69000244140625,162.19204711914062,140.14366149902344,161.02120971679688,367.4800109863281,330.8141784667969,27.760000228881836,24.507463455200195,157.72000122070312,141.21702575683594,410.1700134277344,388.5118408203125,16.479999542236328,14.819999694824219,,
2024-05-01,169.5800018310547,191.55686950683594,392.6099853515625,412.81072998046875,164.3000030517578,171.87692260742188,162.57000732421875,164.61712646484375,333.3800048828125,335.9399719238281,26.329999923706055,27.41545295715332,148.74000549316406,143.24850463867188,388.9599914550781,371.9851379394531,14.630000114440918,15.079999923706055,,
2024-06-01,192.89999389648438,210.14527893066406,415.5299987792969,445.254638671875,172.5399932861328,181.4920654296875,166.1199951171875,158.46665954589844,340.8699951171875,330.5613098144531,28.65999984741211,27.16861915588379,147.25,143.90432739257812,375.3599853515625,370.8634948730469,15.210000038146973,18.719999313354492,,
2024-07-01,212.08999633789062,221.5794677734375,448.6600036621094,416.7630920410156,183.02999877929688,171.11654663085938,160.6699981689453,169.66111755371094,335.1099853515625,343.56146240234375,27.950000762939453,29.65438461303711,146.07000732421875,155.41390991210938,375.07000732421875,370.6718444824219,18.649999618530273,16.65999984741211,,
2024-08-01,224.3699951171875,228.48387145996094,420.7900085449219,415.5577087402344,170.25,162.97671508789062,170.75,174.36175537109375,346.29998779296875,354.8251647949219,30.719999313354492,28.566293716430664,158.47999572753906,163.30029296875,366.3699951171875,384.3834533691406,16.790000915527344,16.5,,
2024-09-01,228.5500030517578,232.7439422607422,417.9100036621094,429.4403991699219,161.72000122070312,165.44061279296875,174.19000244140625,188.3011016845703,352.2099914550781,389.71978759765625,28.649999618530273,28.497364044189453,165.24000549316406,160.77000427246094,384.8599853515625,415.8623352050781,16.299999237060547,18.479999542236328,,
2024-10-01,229.52000427246094,225.66172790527344,428.45001220703125,405.53826904296875,167.69000244140625,170.91412353515625,187.49000549316406,171.77999877929688,391.2699890136719,374.8532409667969,29.049999237060547,27.867151260375977,162.42999267578125,158.5875244140625,415.17999267578125,404.69000244140625,18.700000762939453,22.0,,
2024-11-01,220.97000122070312,237.06918334960938,409.010009765625,422.61407470703125,170.07000732421875,168.756591796875,172.75999450683594,182.16000366210938,378.07000732421875,406.1099853515625,28.479999542236328,25.809118270874023,160.5800018310547,153.776123046875,405.79998779296875,465.8999938964844,22.0,25.43000030517578,,
2024-12-01,237.27000427246094,248.1300048828125,421.57000732421875,447.2699890136719,168.77000427246094,189.82000732421875,180.8000030517578,166.00999450683594,407.4599914550781,380.510009765625,26.06999969482422,25.579999923706055,154.75,146.6199951171875,463.70001220703125,440.44000244140625,25.670000076293945,25.899999618530273,13.569999694824219,13.8100004196167
